{
  "config": {
    "algos": [
      "ddpg",
      "td3",
      "sac"
    ],
    "seeds": [
      521
    ],
    "num_episode": 120,
    "target_step": 1024,
    "warm_up": 8192,
    "batch_size": 256,
    "repeat_times": 1,
    "gamma": 0.99,
    "learning_rate": 0.0006,
    "net_dims": [
      256,
      256,
      256
    ],
    "buffer_size": 300000,
    "gpu_id": -1,
    "eval_every": 5,
    "pf": "Laurent",
    "out_root": "demo/outputs/paper_like"
  },
  "algo": "td3",
  "seed": 521,
  "episode": [
    0,
    5,
    10,
    15,
    20,
    25,
    30,
    35,
    40,
    45,
    50,
    55,
    60,
    65,
    70,
    75,
    80,
    85,
    90,
    95,
    100,
    105,
    110,
    115,
    119
  ],
  "episode_return": [
    -1.2416925430297852,
    0.09438967704772949,
    1.195007562637329,
    1.0787413120269775,
    -7.232049465179443,
    -4.200545310974121,
    0.5056639313697815,
    0.7786343097686768,
    -9.550436019897461,
    -12.799480438232422,
    -4.523497581481934,
    1.144832730293274,
    1.3243744373321533,
    -8.179805755615234,
    1.6434589624404907,
    -17.00562858581543,
    -10.100363731384277,
    -7.925798416137695,
    2.050464391708374,
    1.6716526746749878,
    1.3297791481018066,
    1.022973895072937,
    1.2567932605743408,
    1.567535400390625,
    1.3297958374023438
  ],
  "reward_for_power": [
    -1.2416925430297852,
    1.7520568370819092,
    1.9002940654754639,
    1.0787413120269775,
    0.5763041973114014,
    0.5632766485214233,
    0.790347695350647,
    1.0771667957305908,
    0.9298607707023621,
    0.03679909557104111,
    1.3173916339874268,
    1.144832730293274,
    1.3243744373321533,
    1.714930772781372,
    1.6434589624404907,
    1.240325689315796,
    1.4141466617584229,
    1.9343633651733398,
    2.050464391708374,
    1.6716526746749878,
    2.012233257293701,
    1.022973895072937,
    1.8811044692993164,
    1.567535400390625,
    1.3297958374023438
  ],
  "reward_for_penalty": [
    0.0,
    -1.6576671600341797,
    -0.7052863836288452,
    0.0,
    -7.808354377746582,
    -4.763822078704834,
    -0.2846837639808655,
    -0.2985325753688812,
    -10.48029613494873,
    -12.836280822753906,
    -5.840888977050781,
    0.0,
    0.0,
    -9.894737243652344,
    0.0,
    -18.245956420898438,
    -11.514511108398438,
    -9.860161781311035,
    0.0,
    0.0,
    -0.682453989982605,
    0.0,
    -0.6243112087249756,
    0.0,
    0.0
  ],
  "violation_time": [
    0,
    7,
    6,
    0,
    12,
    9,
    3,
    2,
    12,
    14,
    8,
    0,
    0,
    13,
    0,
    17,
    14,
    10,
    0,
    0,
    6,
    0,
    5,
    0,
    0
  ],
  "critic_loss": [
    0.029773605027003214,
    0.0032743011789324763,
    0.00614188003884111,
    0.02322722959291676,
    0.050327354069200476,
    0.07861002015345024,
    0.06048775586838785,
    0.07794073296624214,
    0.05096570698757811,
    0.0473171398966169,
    0.04826773189666585,
    0.0527527487932867,
    0.061382631644579196,
    0.0658898300440242,
    0.06320452857284974,
    0.07629065814775875,
    0.06671867665136233,
    0.0822512715083537,
    0.07892514262538479,
    0.08195791954120386,
    0.07262015602706622,
    0.07344190067553942,
    0.08274948076045109,
    0.07725142047369504,
    0.07434496135032904
  ],
  "actor_loss": [
    -0.00947558181360364,
    -0.02438360475935042,
    -0.0028357617023478574,
    0.03498007807597194,
    0.07014763050912214,
    0.07403802757405421,
    0.12402597064838598,
    0.1557740542257941,
    0.1482490273192525,
    0.16641952304766988,
    0.16202055527989206,
    0.16843128349218103,
    0.18482583969393196,
    0.15051090911872786,
    0.10690517327151237,
    0.06288725414302156,
    0.005178758247480305,
    -0.02620200389465417,
    -0.06357519590528682,
    -0.008337531177761051,
    0.025712515626326895,
    0.006084580067648198,
    -0.026144090118439142,
    -0.03840792565076513,
    -0.03590676055737133
  ],
  "buffer_size": [
    9216,
    14336,
    19456,
    24576,
    29696,
    34816,
    39936,
    45056,
    50176,
    55296,
    60416,
    65536,
    70656,
    75776,
    80896,
    86016,
    91136,
    96256,
    101376,
    106496,
    111616,
    116736,
    121856,
    126976,
    131072
  ],
  "elapsed_sec": [
    5.124057542000003,
    8.930094292000007,
    13.182349791999997,
    17.933478584,
    23.100306875,
    28.90495179199999,
    34.533880624999995,
    40.63155925000001,
    47.36252437499999,
    54.356932959000005,
    61.21032437499997,
    69.305265625,
    76.74602025000002,
    84.42691091699999,
    92.582620792,
    100.54031112500002,
    109.25524833399999,
    118.05380570900002,
    126.98692183399999,
    136.38110866699998,
    145.92568191700002,
    155.271386292,
    165.30849783399998,
    175.62463787500002,
    184.996978459
  ]
}