{
  "config": {
    "algos": [
      "sac"
    ],
    "seeds": [
      521
    ],
    "num_episode": 60,
    "target_step": 1024,
    "warm_up": 8192,
    "batch_size": 256,
    "repeat_times": 1,
    "gamma": 0.99,
    "learning_rate": 0.0006,
    "net_dims": [
      256,
      256,
      256
    ],
    "buffer_size": 300000,
    "gpu_id": -1,
    "eval_every": 5,
    "pf": "Laurent",
    "out_root": "demo/outputs/paper_like"
  },
  "algo": "sac",
  "seed": 521,
  "episode": [
    0,
    5,
    10,
    15,
    20,
    25,
    30,
    35,
    40,
    45,
    50,
    55,
    59
  ],
  "episode_return": [
    -3.747072219848633,
    -3.4168262481689453,
    0.6730449795722961,
    0.8355287313461304,
    1.1461642980575562,
    1.4947326183319092,
    1.816624402999878,
    0.18195925652980804,
    1.6443575620651245,
    1.5419111251831055,
    1.029728889465332,
    1.1286029815673828,
    1.4977359771728516
  ],
  "reward_for_power": [
    0.08150798082351685,
    0.339435338973999,
    0.6730449795722961,
    0.8355287313461304,
    1.1461642980575562,
    1.4947326183319092,
    1.816624402999878,
    1.8317667245864868,
    1.6443575620651245,
    1.5419111251831055,
    1.029728889465332,
    1.1286029815673828,
    1.4977359771728516
  ],
  "reward_for_penalty": [
    -3.828579902648926,
    -3.7562618255615234,
    0.0,
    0.0,
    0.0,
    0.0,
    0.0,
    -1.6498074531555176,
    0.0,
    0.0,
    0.0,
    0.0,
    0.0
  ],
  "violation_time": [
    5,
    5,
    0,
    0,
    0,
    0,
    0,
    7,
    0,
    0,
    0,
    0,
    0
  ],
  "critic_loss": [
    0.20415472221793607,
    0.047362104344826475,
    0.048666548488351204,
    0.06496088209804958,
    0.08115648598011051,
    0.09409487058380336,
    0.0966707781006239,
    0.09922458770749874,
    0.11553065802824374,
    0.11797311763226423,
    0.12046832242049277,
    0.1232307470950579,
    0.10638524641963973
  ],
  "actor_loss": [
    2.329962432384491,
    2.9145944852095385,
    3.687694354189767,
    4.634418741516445,
    5.539621502161026,
    6.37072783166712,
    6.778669473372008,
    6.812584918598796,
    6.419960590700309,
    5.957699980375902,
    5.343408202302867,
    4.6353396073220265,
    4.0339177108522675
  ],
  "buffer_size": [
    9216,
    14336,
    19456,
    24576,
    29696,
    34816,
    39936,
    45056,
    50176,
    55296,
    60416,
    65536,
    69632
  ],
  "elapsed_sec": [
    5.265205249999999,
    9.79939325,
    14.495449416,
    19.79771125,
    25.441673458,
    31.770722375,
    38.359728,
    45.393820291,
    53.152935375,
    61.25986425000001,
    70.605064166,
    81.178175416,
    89.002705291
  ],
  "alpha_term": [
    0.3642611103132367,
    0.32114742123163664,
    0.2666517665816678,
    0.20851287877430086,
    0.15355702902057342,
    0.10649622705849734,
    0.06955543601591337,
    0.04278299275265877,
    0.024783312624397997,
    0.013523126214320929,
    0.007104452687379872,
    0.0038063678740789847,
    0.002368432719003298
  ]
}