{
  "episode": [
    0,
    1,
    2,
    3,
    4,
    5,
    6,
    7,
    8,
    9,
    10,
    11,
    12,
    13,
    14,
    15,
    16,
    17,
    18,
    19,
    20,
    21,
    22,
    23,
    24,
    25,
    26,
    27,
    28,
    29,
    30,
    31,
    32,
    33,
    34,
    35,
    36,
    37,
    38,
    39,
    40,
    41,
    42,
    43,
    44,
    45,
    46,
    47,
    48,
    49,
    50,
    51,
    52,
    53,
    54,
    55,
    56,
    57,
    58,
    59,
    60,
    61,
    62,
    63,
    64,
    65,
    66,
    67,
    68,
    69,
    70,
    71,
    72,
    73,
    74,
    75,
    76,
    77,
    78,
    79,
    80,
    81,
    82,
    83,
    84,
    85,
    86,
    87,
    88,
    89,
    90,
    91,
    92,
    93,
    94,
    95,
    96,
    97,
    98,
    99
  ],
  "episode_return": [
    -2.933809280395508,
    -7.5274176597595215,
    -5.071422576904297,
    -6.687738418579102,
    -5.077383995056152,
    0.0951140820980072,
    1.4679672718048096,
    0.020983070135116577,
    -9.009841918945312,
    0.7656832933425903,
    1.1314674615859985,
    0.25649958848953247,
    0.8015105128288269,
    -9.130800247192383,
    1.2675724029541016,
    -7.837683200836182,
    -3.8780112266540527,
    -3.8780112266540527,
    -8.85771369934082,
    -8.85771369934082,
    1.637115240097046,
    0.056533828377723694,
    1.5232043266296387,
    -8.961233139038086,
    1.3627101182937622,
    1.5090957880020142,
    -10.755894660949707,
    -11.20883560180664,
    1.7681798934936523,
    -0.3508155941963196,
    0.018576975911855698,
    0.9106133580207825,
    1.1420624256134033,
    -0.4647582769393921,
    -4.901703834533691,
    -8.259817123413086,
    -17.965606689453125,
    -11.319125175476074,
    -7.144957542419434,
    0.6149939894676208,
    0.8372452259063721,
    -11.02369499206543,
    -5.28494930267334,
    -2.2027111053466797,
    -2.305971622467041,
    -0.06407080590724945,
    1.0512384176254272,
    -1.3099534511566162,
    -8.032346725463867,
    1.4107054471969604,
    -0.33910468220710754,
    1.5696264505386353,
    1.2611497640609741,
    -0.4509386718273163,
    -5.134202003479004,
    1.1067137718200684,
    1.524593472480774,
    -6.714324951171875,
    0.5961571931838989,
    0.8179177641868591,
    0.402004212141037,
    0.8947919011116028,
    -10.026961326599121,
    -9.18204402923584,
    -8.657476425170898,
    0.3621472418308258,
    -7.496677875518799,
    0.9016530513763428,
    1.5093178749084473,
    -9.171832084655762,
    -9.399598121643066,
    -10.078606605529785,
    -7.008869171142578,
    0.02639906108379364,
    1.5787813663482666,
    -0.8766252994537354,
    1.8790897130966187,
    1.6005738973617554,
    -2.725501537322998,
    -0.1707155704498291,
    0.5996173024177551,
    -5.393012046813965,
    -5.296306610107422,
    1.412246584892273,
    1.7529089450836182,
    1.527055025100708,
    1.112915277481079,
    -1.9194902181625366,
    1.6659342050552368,
    -3.934058666229248,
    -4.420846939086914,
    -2.476747989654541,
    1.5778529644012451,
    0.6925371885299683,
    -1.9644683599472046,
    1.609266996383667,
    1.7186534404754639,
    -4.700206756591797,
    1.705744981765747,
    1.2248709201812744
  ],
  "violation_time": [
    8,
    13,
    5,
    13,
    9,
    7,
    0,
    7,
    13,
    0,
    0,
    3,
    0,
    14,
    0,
    12,
    8,
    8,
    13,
    13,
    0,
    7,
    0,
    11,
    2,
    0,
    15,
    13,
    0,
    0,
    0,
    0,
    0,
    5,
    10,
    10,
    16,
    13,
    12,
    0,
    0,
    14,
    10,
    7,
    7,
    4,
    2,
    7,
    14,
    0,
    7,
    0,
    0,
    8,
    9,
    6,
    0,
    14,
    0,
    0,
    0,
    0,
    13,
    13,
    15,
    3,
    15,
    0,
    0,
    16,
    16,
    12,
    10,
    6,
    0,
    5,
    0,
    0,
    9,
    8,
    8,
    11,
    10,
    0,
    0,
    0,
    3,
    8,
    0,
    12,
    10,
    8,
    0,
    6,
    10,
    0,
    0,
    12,
    0,
    3
  ],
  "reward_for_power": [
    -1.0561580657958984,
    -1.2020235061645508,
    -1.2235596179962158,
    -0.36234402656555176,
    1.464706301689148,
    1.7527812719345093,
    1.4679672718048096,
    1.2869905233383179,
    1.6009299755096436,
    0.7656832933425903,
    1.1314674615859985,
    0.4494899809360504,
    0.8015105128288269,
    0.5153930187225342,
    1.2675724029541016,
    1.5010099411010742,
    1.6058125495910645,
    1.6058125495910645,
    1.7530587911605835,
    1.7530587911605835,
    1.637115240097046,
    1.3225412368774414,
    1.5232043266296387,
    1.3502360582351685,
    1.5891855955123901,
    1.5090957880020142,
    1.5177054405212402,
    1.735422968864441,
    1.7681798934936523,
    -0.3508155941963196,
    0.018576975911855698,
    0.9106133580207825,
    1.1420624256134033,
    1.1907706260681152,
    1.2645485401153564,
    0.8914452791213989,
    0.08177401125431061,
    1.4165258407592773,
    1.032518744468689,
    0.6149939894676208,
    0.8372452259063721,
    0.9803084135055542,
    1.162819504737854,
    0.849378228187561,
    0.8090194463729858,
    1.0560572147369385,
    1.2777138948440552,
    1.7213679552078247,
    1.0760514736175537,
    1.4107054471969604,
    1.3185625076293945,
    1.5696264505386353,
    1.2611497640609741,
    1.4267125129699707,
    1.4078882932662964,
    1.7890088558197021,
    1.524593472480774,
    1.767903447151184,
    0.5961571931838989,
    0.8179177641868591,
    0.402004212141037,
    0.8947919011116028,
    0.5082775354385376,
    0.8537339568138123,
    1.200829267501831,
    0.8466122150421143,
    1.4012775421142578,
    0.9016530513763428,
    1.5093178749084473,
    1.4057084321975708,
    1.5851364135742188,
    1.7293015718460083,
    1.6059521436691284,
    1.116461157798767,
    1.5787813663482666,
    1.5934464931488037,
    1.8790897130966187,
    1.6005738973617554,
    1.761322021484375,
    1.4649624824523926,
    2.074573040008545,
    1.8894373178482056,
    1.8695192337036133,
    1.412246584892273,
    1.7529089450836182,
    1.527055025100708,
    1.3551900386810303,
    1.5788544416427612,
    1.6659342050552368,
    1.6873254776000977,
    1.903050422668457,
    1.678354024887085,
    1.5778529644012451,
    1.5907626152038574,
    1.6144819259643555,
    1.609266996383667,
    1.7186534404754639,
    1.9015592336654663,
    1.705744981765747,
    1.4095110893249512
  ],