{
  "config": {
    "algos": [
      "ddpg",
      "td3",
      "sac"
    ],
    "seeds": [
      521
    ],
    "num_episode": 120,
    "target_step": 1024,
    "warm_up": 8192,
    "batch_size": 256,
    "repeat_times": 1,
    "gamma": 0.99,
    "learning_rate": 0.0006,
    "net_dims": [
      256,
      256,
      256
    ],
    "buffer_size": 300000,
    "gpu_id": -1,
    "eval_every": 5,
    "pf": "Laurent",
    "out_root": "demo/outputs/paper_like"
  },
  "algo": "ddpg",
  "seed": 521,
  "episode": [
    0,
    5,
    10,
    15,
    20,
    25,
    30,
    35,
    40,
    45,
    50,
    55,
    60,
    65,
    70,
    75,
    80,
    85,
    90,
    95,
    100,
    105,
    110,
    115,
    119
  ],
  "episode_return": [
    -1.4981911182403564,
    1.1007798910140991,
    1.1929893493652344,
    0.5413418412208557,
    -1.373727560043335,
    -9.39877986907959,
    -4.127019882202148,
    1.0500961542129517,
    1.4410724639892578,
    -5.320988178253174,
    1.1007802486419678,
    1.460207462310791,
    1.6947953701019287,
    1.3627101182937622,
    1.6947953701019287,
    1.322990894317627,
    1.6475118398666382,
    -8.559929847717285,
    1.1007802486419678,
    1.2039138078689575,
    -7.629242897033691,
    1.637115240097046,
    1.1007802486419678,
    -2.8068923950195312,
    -0.5107635259628296
  ],
  "reward_for_power": [
    -1.4981911182403564,
    1.3769176006317139,
    1.8982757329940796,
    0.5413418412208557,
    0.2839395999908447,
    0.36135613918304443,
    1.3903985023498535,
    1.3660677671432495,
    1.4410724639892578,
    1.315868616104126,
    1.376917839050293,
    1.460207462310791,
    1.6947953701019287,
    1.5891855955123901,
    1.6947953701019287,
    1.322990894317627,
    1.6475118398666382,
    1.464178442955017,
    1.376917839050293,
    1.9092001914978027,
    1.4679396152496338,
    1.637115240097046,
    1.376917839050293,
    0.9116338491439819,
    1.4549894332885742
  ],
  "reward_for_penalty": [
    0.0,
    -0.27613773941993713,
    -0.7052863836288452,
    0.0,
    -1.6576671600341797,
    -9.760136604309082,
    -5.517417907714844,
    -0.3159716725349426,
    0.0,
    -6.636856555938721,
    -0.27613773941993713,
    0.0,
    0.0,
    -0.22647549211978912,
    0.0,
    0.0,
    0.0,
    -10.02410888671875,
    -0.27613773941993713,
    -0.7052863836288452,
    -9.097182273864746,
    0.0,
    -0.27613773941993713,
    -3.7185263633728027,
    -1.9657530784606934
  ],
  "violation_time": [
    0,
    3,
    6,
    0,
    7,
    11,
    9,
    2,
    0,
    9,
    3,
    0,
    0,
    2,
    0,
    0,
    0,
    13,
    3,
    6,
    9,
    0,
    3,
    5,
    8
  ],
  "critic_loss": [
    0.02625989018997643,
    0.0031971728088907325,
    0.0048373412670722855,
    0.014640258331580655,
    0.015323873850450451,
    0.01608980026547656,
    0.020642244912634947,
    0.021459644952745632,
    0.036573804361978546,
    0.05346720997367124,
    0.05193082561138375,
    0.06317820824268791,
    0.06525098635157679,
    0.07243131950165924,
    0.07818139565344422,
    0.0907736253554383,
    0.09345021916934373,
    0.10180992954560826,
    0.10016058487057382,
    0.0920464359675941,
    0.0843879436660144,
    0.08068161305303859,
    0.0779282766141755,
    0.03516662791106335,
    0.027873834054257106
  ],
  "actor_loss": [
    0.0010177173161309838,
    0.016793414430979352,
    0.0732691067063974,
    0.15349517892236295,
    0.25933652903352467,
    0.315170819222024,
    0.421272481938726,
    0.5013514774483304,
    0.4606823859891544,
    0.335574139858473,
    0.16092239080623177,
    -0.09880319406603655,
    -0.34959001219420527,
    -0.5732719398881883,
    -0.826037505402779,
    -1.2068648401154094,
    -1.5265761366622015,
    -1.7674096797102241,
    -1.9274457939425294,
    -1.9295863911364843,
    -1.8755447177423372,
    -1.8860066063636172,
    -1.9187477188090147,
    -1.1278047050402416,
    -0.7590044400706066
  ],
  "buffer_size": [
    9216,
    14336,
    19456,
    24576,
    29696,
    34816,
    39936,
    45056,
    50176,
    55296,
    60416,
    65536,
    70656,
    75776,
    80896,
    86016,
    91136,
    96256,
    101376,
    106496,
    111616,
    116736,
    121856,
    126976,
    131072
  ],
  "elapsed_sec": [
    5.179227334,
    9.386109709,
    13.703524875000001,
    18.404897875000003,
    23.852229959,
    29.54919375,
    35.359486875,
    41.6950735,
    48.857319624999995,
    55.9693245,
    63.269116958999994,
    71.05623445900001,
    79.27116733400001,
    88.14050837500001,
    97.16737437500001,
    106.7082125,
    116.471359417,
    126.42346287500001,
    136.598843292,
    147.43543962500001,
    158.975855375,
    169.69317275,
    180.847498584,
    193.196021875,
    203.95965095900002
  ]
}